txn_type,addr_category,data_type,predicted_gain,cluster
0,1,1,1.0,5
0,1,0,1.0,10
0,3,1,0.9942857142857144,4
0,2,0,0.9842857142857144,2
0,3,2,0.9821428571428572,8
1,4,3,0.884952380952381,6
1,3,3,0.8616666666666667,0
1,1,3,0.7286666666666668,9
1,2,3,0.5371666666666668,7
1,0,3,0.3233333333333333,1
0,4,3,0.2304523809523809,3
