txn_type,addr_category,data_type,predicted_gain,cluster
0,2,2,1.0,14
0,2,1,0.9675,11
0,3,2,0.9508333333333332,12
0,1,2,0.9151666666666668,6
0,2,0,0.89,13
0,3,1,0.8574999999999998,1
0,0,0,0.8275000000000001,4
0,1,0,0.5688333333333334,10
0,3,0,0.4643333333333334,5
1,1,3,0.3389761904761904,0
0,4,3,0.3176904761904762,8
1,3,3,0.2463571428571428,9
1,4,3,0.2102738095238094,2
1,0,3,0.1989126984126983,7
1,2,3,0.1436189088689088,3
